psytoolkit_ID,prolific_ID,counterbalancing_group,valence,mean_RT,RRS_score,RRS_group,BSRI_score,BSRI_group
s.2f55027e-a5dd-49a1-aa02-b240e22862ba.txt,65b9019d4b66bcd86a2b6ec5,1.0,0,688.177419354839,0.0,NaN,375.0,1
s.2f55027e-a5dd-49a1-aa02-b240e22862ba.txt,65b9019d4b66bcd86a2b6ec5,1.0,1,724.693548387097,0.0,NaN,375.0,1
s.2f55027e-a5dd-49a1-aa02-b240e22862ba.txt,65b9019d4b66bcd86a2b6ec5,1.0,2,864.903225806452,0.0,NaN,375.0,1
s.d61ca18d-19d9-44c0-8218-0507a97e5106.txt,601e1cae7d6414276e39e5db,1.0,0,489.2,65.0,1,516.0,1
s.d61ca18d-19d9-44c0-8218-0507a97e5106.txt,601e1cae7d6414276e39e5db,1.0,1,485.83606557377,65.0,1,516.0,1
s.d61ca18d-19d9-44c0-8218-0507a97e5106.txt,601e1cae7d6414276e39e5db,1.0,2,486.393442622951,65.0,1,516.0,1
s.4f2fce56-ec68-496f-a066-86453d4489c3.txt,611ebe16f706cd0ee4f4f876,1.0,0,1118.8431372549,76.0,1,565.0,1
s.4f2fce56-ec68-496f-a066-86453d4489c3.txt,611ebe16f706cd0ee4f4f876,1.0,1,1103.77777777778,76.0,1,565.0,1
s.4f2fce56-ec68-496f-a066-86453d4489c3.txt,611ebe16f706cd0ee4f4f876,1.0,2,1068.12244897959,76.0,1,565.0,1
s.b00ac365-c0d3-4e20-aaad-7c17cd7c8e4b.txt,615df4407595b67e50cf886b,1.0,0,957.754385964912,78.0,1,643.0,1
s.b00ac365-c0d3-4e20-aaad-7c17cd7c8e4b.txt,615df4407595b67e50cf886b,1.0,1,892.827586206897,78.0,1,643.0,1
s.b00ac365-c0d3-4e20-aaad-7c17cd7c8e4b.txt,615df4407595b67e50cf886b,1.0,2,975.5,78.0,1,643.0,1
s.69434b44-d828-4dc1-a0d6-1c343d2c34a1.txt,5b576109d1b3720001da81f1,1.0,0,683.709677419355,61.0,1,320.0,1
s.69434b44-d828-4dc1-a0d6-1c343d2c34a1.txt,5b576109d1b3720001da81f1,1.0,1,692.359375,61.0,1,320.0,1
s.69434b44-d828-4dc1-a0d6-1c343d2c34a1.txt,5b576109d1b3720001da81f1,1.0,2,657.484375,61.0,1,320.0,1
s.142c1f48-34c0-4564-a917-c55d44b9aaa1.txt,65c4b120898ec14b2db32dd5,1.0,0,746.983870967742,72.0,1,585.0,1
s.142c1f48-34c0-4564-a917-c55d44b9aaa1.txt,65c4b120898ec14b2db32dd5,1.0,1,748.0,72.0,1,585.0,1
s.142c1f48-34c0-4564-a917-c55d44b9aaa1.txt,65c4b120898ec14b2db32dd5,1.0,2,757.587301587302,72.0,1,585.0,1
s.518a96fd-fd18-439d-925f-770c03c8eb91.txt,65b91010b2ea4aefcdc5900e,2.0,0,869.0,62.0,1,460.0,1
s.518a96fd-fd18-439d-925f-770c03c8eb91.txt,65b91010b2ea4aefcdc5900e,2.0,1,961.65625,62.0,1,460.0,1
s.518a96fd-fd18-439d-925f-770c03c8eb91.txt,65b91010b2ea4aefcdc5900e,2.0,2,970.650793650794,62.0,1,460.0,1
s.f3d7510b-207c-4775-824a-dd20867426f6.txt,60bf28df4926a8b6391df575,2.0,0,623.508474576271,43.0,1,423.0,1
s.f3d7510b-207c-4775-824a-dd20867426f6.txt,60bf28df4926a8b6391df575,2.0,1,619.796610169491,43.0,1,423.0,1
s.f3d7510b-207c-4775-824a-dd20867426f6.txt,60bf28df4926a8b6391df575,2.0,2,617.683333333333,43.0,1,423.0,1
s.c18886bc-b19a-4bb0-8548-f317a1272093.txt,5fb6ed2116919c000a99249e,1.0,0,601.85,60.0,1,158.0,0
s.c18886bc-b19a-4bb0-8548-f317a1272093.txt,5fb6ed2116919c000a99249e,1.0,1,596.37037037037,60.0,1,158.0,0
s.c18886bc-b19a-4bb0-8548-f317a1272093.txt,5fb6ed2116919c000a99249e,1.0,2,690.491803278689,60.0,1,158.0,0
s.6a6c9c06-07a9-4438-bf25-2b93b3d6df0e.txt,63b2d04ed0f53f75de4ba38e,1.0,0,963.109375,38.0,0,246.0,0
s.6a6c9c06-07a9-4438-bf25-2b93b3d6df0e.txt,63b2d04ed0f53f75de4ba38e,1.0,1,930.983870967742,38.0,0,246.0,0
s.6a6c9c06-07a9-4438-bf25-2b93b3d6df0e.txt,63b2d04ed0f53f75de4ba38e,1.0,2,976.40625,38.0,0,246.0,0
s.30d9dc94-c5e8-4957-9c08-d10916a53685.txt,5f1b2fe23bcef80c38d2a362,2.0,0,756.694915254237,63.0,1,467.0,1
s.30d9dc94-c5e8-4957-9c08-d10916a53685.txt,5f1b2fe23bcef80c38d2a362,2.0,1,748.758620689655,63.0,1,467.0,1
s.30d9dc94-c5e8-4957-9c08-d10916a53685.txt,5f1b2fe23bcef80c38d2a362,2.0,2,800.403225806452,63.0,1,467.0,1
s.49cb85b0-c57a-4e69-aa88-39548f439657.txt,5c366fc38821900001b38b67,2.0,0,854.90625,35.0,0,140.0,0
s.49cb85b0-c57a-4e69-aa88-39548f439657.txt,5c366fc38821900001b38b67,2.0,1,896.777777777778,35.0,0,140.0,0
s.49cb85b0-c57a-4e69-aa88-39548f439657.txt,5c366fc38821900001b38b67,2.0,2,909.301587301587,35.0,0,140.0,0
s.e905851f-12b4-4126-a72e-bb0d4bf541bd.txt,6013d0e6bc81f72d3fe0f173,1.0,0,584.516129032258,57.0,1,500.0,1
s.e905851f-12b4-4126-a72e-bb0d4bf541bd.txt,6013d0e6bc81f72d3fe0f173,1.0,1,603.868852459016,57.0,1,500.0,1
s.e905851f-12b4-4126-a72e-bb0d4bf541bd.txt,6013d0e6bc81f72d3fe0f173,1.0,2,574.047619047619,57.0,1,500.0,1
s.c07ee91d-ba0f-49bc-86be-e0642139367d.txt,6509afd5de37875b4dbed467,2.0,0,566.586206896552,40.0,0,269.0,0
s.c07ee91d-ba0f-49bc-86be-e0642139367d.txt,6509afd5de37875b4dbed467,2.0,1,626.593220338983,40.0,0,269.0,0
s.c07ee91d-ba0f-49bc-86be-e0642139367d.txt,6509afd5de37875b4dbed467,2.0,2,599.746031746032,40.0,0,269.0,0
s.5c2c006c-bbf0-4e1b-be2c-6e52dddb70b2.txt,64e8c14bbe184c20cb9d0583,2.0,0,807.620689655172,33.0,0,431.0,1
s.5c2c006c-bbf0-4e1b-be2c-6e52dddb70b2.txt,64e8c14bbe184c20cb9d0583,2.0,1,844.909090909091,33.0,0,431.0,1
s.5c2c006c-bbf0-4e1b-be2c-6e52dddb70b2.txt,64e8c14bbe184c20cb9d0583,2.0,2,749.892857142857,33.0,0,431.0,1
s.7db2ba86-af44-40da-bcd2-bf8bd7a2a855.txt,5f53b958c8cfea6e2104c5b6,1.0,0,1046.3064516129,38.0,0,167.0,0
s.7db2ba86-af44-40da-bcd2-bf8bd7a2a855.txt,5f53b958c8cfea6e2104c5b6,1.0,1,963.47619047619,38.0,0,167.0,0
s.7db2ba86-af44-40da-bcd2-bf8bd7a2a855.txt,5f53b958c8cfea6e2104c5b6,1.0,2,947.745762711864,38.0,0,167.0,0
s.6d5e5704-7ce9-453f-bceb-e04a03f3b31e.txt,605272be8568b6160f582f2e,1.0,0,708.285714285714,60.0,1,255.0,1
s.6d5e5704-7ce9-453f-bceb-e04a03f3b31e.txt,605272be8568b6160f582f2e,1.0,1,652.265625,60.0,1,255.0,1
s.6d5e5704-7ce9-453f-bceb-e04a03f3b31e.txt,605272be8568b6160f582f2e,1.0,2,709.492063492063,60.0,1,255.0,1
s.4037fa2f-e1d0-47d9-9302-66b9f29ebfdd.txt,60a8bd22d03adbe92cbb9a5e,1.0,0,952.822580645161,61.0,1,202.0,0
s.4037fa2f-e1d0-47d9-9302-66b9f29ebfdd.txt,60a8bd22d03adbe92cbb9a5e,1.0,1,964.40625,61.0,1,202.0,0
s.4037fa2f-e1d0-47d9-9302-66b9f29ebfdd.txt,60a8bd22d03adbe92cbb9a5e,1.0,2,962.25,61.0,1,202.0,0
s.ee7ab2a2-e609-4597-8c49-e6b0936643ae.txt,6176b584db27cdcecc3896c8,2.0,0,1002.828125,55.0,1,445.0,1
s.ee7ab2a2-e609-4597-8c49-e6b0936643ae.txt,6176b584db27cdcecc3896c8,2.0,1,981.233333333333,55.0,1,445.0,1
s.ee7ab2a2-e609-4597-8c49-e6b0936643ae.txt,6176b584db27cdcecc3896c8,2.0,2,1005.90476190476,55.0,1,445.0,1
s.8ef5d4ee-7eeb-47e6-a61b-6d84b2e5534d.txt,5f9b1bd8ffa5e21886c0caa6,1.0,0,905.78125,59.0,1,417.0,1
s.8ef5d4ee-7eeb-47e6-a61b-6d84b2e5534d.txt,5f9b1bd8ffa5e21886c0caa6,1.0,1,919.790322580645,59.0,1,417.0,1
s.8ef5d4ee-7eeb-47e6-a61b-6d84b2e5534d.txt,5f9b1bd8ffa5e21886c0caa6,1.0,2,962.781818181818,59.0,1,417.0,1
s.393a0616-a7d5-4934-ac4e-dbfc3d23729c.txt,5f6140e95bd9c00ce24bf92a,1.0,0,496.152542372881,36.0,0,96.0,0
s.393a0616-a7d5-4934-ac4e-dbfc3d23729c.txt,5f6140e95bd9c00ce24bf92a,1.0,1,484.31746031746,36.0,0,96.0,0
s.393a0616-a7d5-4934-ac4e-dbfc3d23729c.txt,5f6140e95bd9c00ce24bf92a,1.0,2,524.032258064516,36.0,0,96.0,0
s.9403a993-765f-4fed-83cd-61f5aed6737e.txt,5ea2e107a4d6af04981e71e9,2.0,0,626.593220338983,61.0,1,520.0,1
s.9403a993-765f-4fed-83cd-61f5aed6737e.txt,5ea2e107a4d6af04981e71e9,2.0,1,590.47619047619,61.0,1,520.0,1
s.9403a993-765f-4fed-83cd-61f5aed6737e.txt,5ea2e107a4d6af04981e71e9,2.0,2,669.087719298246,61.0,1,520.0,1
s.005f9780-4f87-44ee-a8f3-438fea6b8a16.txt,60ef5b1cf52939a80af77543,2.0,0,821.101694915254,30.0,0,380.0,1
s.005f9780-4f87-44ee-a8f3-438fea6b8a16.txt,60ef5b1cf52939a80af77543,2.0,1,827.982456140351,30.0,0,380.0,1
s.005f9780-4f87-44ee-a8f3-438fea6b8a16.txt,60ef5b1cf52939a80af77543,2.0,2,819.983333333333,30.0,0,380.0,1
s.3361014b-8897-49e2-92bd-22c580994fe6.txt,658058afd06d72b89e9f9529,1.0,0,699.606557377049,36.0,0,225.0,0
s.3361014b-8897-49e2-92bd-22c580994fe6.txt,658058afd06d72b89e9f9529,1.0,1,630.548387096774,36.0,0,225.0,0
s.3361014b-8897-49e2-92bd-22c580994fe6.txt,658058afd06d72b89e9f9529,1.0,2,707.741935483871,36.0,0,225.0,0
s.602a4c55-0b3f-4294-b77f-a4a406e82472.txt,65b17c3a6264a7353dc9ed4b,1.0,0,783.174603174603,30.0,0,15.0,0
s.602a4c55-0b3f-4294-b77f-a4a406e82472.txt,65b17c3a6264a7353dc9ed4b,1.0,1,863.238095238095,30.0,0,15.0,0
s.602a4c55-0b3f-4294-b77f-a4a406e82472.txt,65b17c3a6264a7353dc9ed4b,1.0,2,765.71875,30.0,0,15.0,0
s.d2296c05-4e45-47a6-8189-c3551e70bcb9.txt,63ea85f2e1c8032a3121a505,2.0,0,578.25,25.0,0,114.0,0
s.d2296c05-4e45-47a6-8189-c3551e70bcb9.txt,63ea85f2e1c8032a3121a505,2.0,1,610.65625,25.0,0,114.0,0
s.d2296c05-4e45-47a6-8189-c3551e70bcb9.txt,63ea85f2e1c8032a3121a505,2.0,2,630.5625,25.0,0,114.0,0
s.4cb99059-ba26-46a3-9089-963c23f2c880.txt,606b94352e103bc54d43321b,2.0,0,683.412698412698,42.0,1,0.0,0
s.4cb99059-ba26-46a3-9089-963c23f2c880.txt,606b94352e103bc54d43321b,2.0,1,721.245901639344,42.0,1,0.0,0
s.4cb99059-ba26-46a3-9089-963c23f2c880.txt,606b94352e103bc54d43321b,2.0,2,731.338709677419,42.0,1,0.0,0
s.04a1f65f-c39f-4d0d-9e67-c38f6455972c.txt,614e82d5717d691f24efffc0,1.0,0,658.448275862069,45.0,1,386.0,1
s.04a1f65f-c39f-4d0d-9e67-c38f6455972c.txt,614e82d5717d691f24efffc0,1.0,1,782.759259259259,45.0,1,386.0,1
s.04a1f65f-c39f-4d0d-9e67-c38f6455972c.txt,614e82d5717d691f24efffc0,1.0,2,765.189655172414,45.0,1,386.0,1
s.438015df-f4b2-4267-9fb5-454ff76fbaf4.txt,5f971b07a3ef980924b8702c,1.0,0,708.781818181818,52.0,1,473.0,1
s.438015df-f4b2-4267-9fb5-454ff76fbaf4.txt,5f971b07a3ef980924b8702c,1.0,1,646.795918367347,52.0,1,473.0,1
s.438015df-f4b2-4267-9fb5-454ff76fbaf4.txt,5f971b07a3ef980924b8702c,1.0,2,721.344827586207,52.0,1,473.0,1
s.51ac95ef-f3e1-45b5-9e44-e0f7b143ce0b.txt,60ea091fdb5ed5f90a47030b,2.0,0,747.274193548387,64.0,1,450.0,1
s.51ac95ef-f3e1-45b5-9e44-e0f7b143ce0b.txt,60ea091fdb5ed5f90a47030b,2.0,1,804.032786885246,64.0,1,450.0,1
s.51ac95ef-f3e1-45b5-9e44-e0f7b143ce0b.txt,60ea091fdb5ed5f90a47030b,2.0,2,815.27868852459,64.0,1,450.0,1
s.60e637b4-8ad6-44bd-95c7-0e73073f8dd0.txt,5978f6f009bdcf000153f43d,1.0,0,941.109375,41.0,1,297.0,1
s.60e637b4-8ad6-44bd-95c7-0e73073f8dd0.txt,5978f6f009bdcf000153f43d,1.0,1,981.0,41.0,1,297.0,1
s.60e637b4-8ad6-44bd-95c7-0e73073f8dd0.txt,5978f6f009bdcf000153f43d,1.0,2,980.578125,41.0,1,297.0,1
s.f8c323a8-89be-41a4-b903-add00dc77bd6.txt,5a384471e7bc8000010a8df2,2.0,0,1151.84126984127,43.0,1,267.0,0
s.f8c323a8-89be-41a4-b903-add00dc77bd6.txt,5a384471e7bc8000010a8df2,2.0,1,1083.69841269841,43.0,1,267.0,0
s.f8c323a8-89be-41a4-b903-add00dc77bd6.txt,5a384471e7bc8000010a8df2,2.0,2,1128.80327868852,43.0,1,267.0,0
s.ed12b550-005e-4a84-8bf8-6665ea41fc1f.txt,65cf6d8a589a67afcab54e6f,1.0,0,905.0625,33.0,0,13.0,0
s.ed12b550-005e-4a84-8bf8-6665ea41fc1f.txt,65cf6d8a589a67afcab54e6f,1.0,1,870.65625,33.0,0,13.0,0
s.ed12b550-005e-4a84-8bf8-6665ea41fc1f.txt,65cf6d8a589a67afcab54e6f,1.0,2,914.0625,33.0,0,13.0,0
s.655dffa6-1dd6-44e4-8960-a31fe3d18103.txt,5fc9ec3d0990d4501dfd7e05,2.0,0,813.52380952381,32.0,0,125.0,0
s.655dffa6-1dd6-44e4-8960-a31fe3d18103.txt,5fc9ec3d0990d4501dfd7e05,2.0,1,776.403225806452,32.0,0,125.0,0
s.655dffa6-1dd6-44e4-8960-a31fe3d18103.txt,5fc9ec3d0990d4501dfd7e05,2.0,2,735.765625,32.0,0,125.0,0
s.72662614-6595-41ed-9fb4-572f07eacf2c.txt,65ae78fc9cd81e8e26612cb2,1.0,0,747.875,26.0,0,43.0,0
s.72662614-6595-41ed-9fb4-572f07eacf2c.txt,65ae78fc9cd81e8e26612cb2,1.0,1,798.28125,26.0,0,43.0,0
s.72662614-6595-41ed-9fb4-572f07eacf2c.txt,65ae78fc9cd81e8e26612cb2,1.0,2,794.338709677419,26.0,0,43.0,0
s.0f24a11d-5875-4a2d-81fd-296aae904c14.txt,65313bdcb9fd825a8c1d4981,1.0,0,790.15625,24.0,0,32.0,0
s.0f24a11d-5875-4a2d-81fd-296aae904c14.txt,65313bdcb9fd825a8c1d4981,1.0,1,771.40625,24.0,0,32.0,0
s.0f24a11d-5875-4a2d-81fd-296aae904c14.txt,65313bdcb9fd825a8c1d4981,1.0,2,758.96875,24.0,0,32.0,0
s.15e135cc-e9d2-4d84-bb47-bbb0dacad96e.txt,65d0c176113325527b73866a,1.0,0,835.847457627119,54.0,1,480.0,1
s.15e135cc-e9d2-4d84-bb47-bbb0dacad96e.txt,65d0c176113325527b73866a,1.0,1,775.896551724138,54.0,1,480.0,1
s.15e135cc-e9d2-4d84-bb47-bbb0dacad96e.txt,65d0c176113325527b73866a,1.0,2,971.689655172414,54.0,1,480.0,1
s.965e81d2-bbee-4d55-8f88-1002f43ad8b2.txt,5e380457679e67000c56b02f,2.0,0,930.396825396825,48.0,1,196.0,0
s.965e81d2-bbee-4d55-8f88-1002f43ad8b2.txt,5e380457679e67000c56b02f,2.0,1,969.435483870968,48.0,1,196.0,0
s.965e81d2-bbee-4d55-8f88-1002f43ad8b2.txt,5e380457679e67000c56b02f,2.0,2,942.078125,48.0,1,196.0,0
s.09f518d4-5ba9-41dc-8663-eead382dc014.txt,65e4d1f6a401b6312afb07f3,1.0,0,865.0,42.0,1,273.0,1
s.09f518d4-5ba9-41dc-8663-eead382dc014.txt,65e4d1f6a401b6312afb07f3,1.0,1,771.983870967742,42.0,1,273.0,1
s.09f518d4-5ba9-41dc-8663-eead382dc014.txt,65e4d1f6a401b6312afb07f3,1.0,2,879.390625,42.0,1,273.0,1
s.a6309ccf-91ab-4a68-b3ef-5260057f28ac.txt,647e5f4c5b7dfbc365335f72,2.0,0,1019.83606557377,26.0,0,10.0,0
s.a6309ccf-91ab-4a68-b3ef-5260057f28ac.txt,647e5f4c5b7dfbc365335f72,2.0,1,935.77358490566,26.0,0,10.0,0
s.a6309ccf-91ab-4a68-b3ef-5260057f28ac.txt,647e5f4c5b7dfbc365335f72,2.0,2,990.907407407407,26.0,0,10.0,0
s.e1ca15c4-25e6-4193-a267-522b3563adb4.txt,5b22d5a51eef1b00016f3bbf,1.0,0,904.016666666667,34.0,0,80.0,0
s.e1ca15c4-25e6-4193-a267-522b3563adb4.txt,5b22d5a51eef1b00016f3bbf,1.0,1,902.810344827586,34.0,0,80.0,0
s.e1ca15c4-25e6-4193-a267-522b3563adb4.txt,5b22d5a51eef1b00016f3bbf,1.0,2,743.725806451613,34.0,0,80.0,0
s.fd1a0610-4b74-4866-ad04-a594f303ff16.txt,60e858204e148e07ef3ef257,2.0,0,788.507936507937,27.0,0,408.0,1
s.fd1a0610-4b74-4866-ad04-a594f303ff16.txt,60e858204e148e07ef3ef257,2.0,1,758.539682539683,27.0,0,408.0,1
s.fd1a0610-4b74-4866-ad04-a594f303ff16.txt,60e858204e148e07ef3ef257,2.0,2,809.745454545455,27.0,0,408.0,1
s.7ed1ccc6-fe5c-4dce-9e18-436c6ab8ffc3.txt,6511fd9e06231927b6398700,2.0,0,861.152542372881,54.0,1,390.0,1
s.7ed1ccc6-fe5c-4dce-9e18-436c6ab8ffc3.txt,6511fd9e06231927b6398700,2.0,1,835.431034482759,54.0,1,390.0,1
s.7ed1ccc6-fe5c-4dce-9e18-436c6ab8ffc3.txt,6511fd9e06231927b6398700,2.0,2,909.71875,54.0,1,390.0,1
s.291a3ae4-cec0-451e-afb9-6d8e0ae87127.txt,5bc08c345e8a950001892156,1.0,0,717.484375,40.0,1,20.0,0
s.291a3ae4-cec0-451e-afb9-6d8e0ae87127.txt,5bc08c345e8a950001892156,1.0,1,681.774193548387,40.0,1,20.0,0
s.291a3ae4-cec0-451e-afb9-6d8e0ae87127.txt,5bc08c345e8a950001892156,1.0,2,683.34375,40.0,1,20.0,0
s.4643268b-0606-4393-a553-0433d0a9eb24.txt,617305abc8cde4cf0e08255b,1.0,0,662.174603174603,31.0,0,80.0,0
s.4643268b-0606-4393-a553-0433d0a9eb24.txt,617305abc8cde4cf0e08255b,1.0,1,631.758064516129,31.0,0,80.0,0
s.4643268b-0606-4393-a553-0433d0a9eb24.txt,617305abc8cde4cf0e08255b,1.0,2,626.809523809524,31.0,0,80.0,0
s.26ca4bb9-910b-4513-9d58-0352a74f3246.txt,603c11e7db9042987c7180be,1.0,0,641.55,36.0,0,248.0,0
s.26ca4bb9-910b-4513-9d58-0352a74f3246.txt,603c11e7db9042987c7180be,1.0,1,683.590163934426,36.0,0,248.0,0
s.26ca4bb9-910b-4513-9d58-0352a74f3246.txt,603c11e7db9042987c7180be,1.0,2,775.203389830509,36.0,0,248.0,0
s.cd2308e8-7e1c-4219-94fa-dd3549d33a1e.txt,6511e9adc4ba37678f5f1181,2.0,0,784.622950819672,25.0,0,0.0,0
s.cd2308e8-7e1c-4219-94fa-dd3549d33a1e.txt,6511e9adc4ba37678f5f1181,2.0,1,804.672131147541,25.0,0,0.0,0
s.cd2308e8-7e1c-4219-94fa-dd3549d33a1e.txt,6511e9adc4ba37678f5f1181,2.0,2,726.448275862069,25.0,0,0.0,0
s.b08c18d4-f3e6-46ec-a1d5-dc3494a1a332.txt,65ce2a4ff956b6a7e2282d49,1.0,0,722.31746031746,38.0,0,407.0,1
s.b08c18d4-f3e6-46ec-a1d5-dc3494a1a332.txt,65ce2a4ff956b6a7e2282d49,1.0,1,718.047619047619,38.0,0,407.0,1
s.b08c18d4-f3e6-46ec-a1d5-dc3494a1a332.txt,65ce2a4ff956b6a7e2282d49,1.0,2,718.936507936508,38.0,0,407.0,1
s.217853b7-d48c-4e8a-8041-52eb01fd0de2.txt,63d520bc8833c489caf0023a,2.0,0,969.241935483871,60.0,1,534.0,1
s.217853b7-d48c-4e8a-8041-52eb01fd0de2.txt,63d520bc8833c489caf0023a,2.0,1,827.774193548387,60.0,1,534.0,1
s.217853b7-d48c-4e8a-8041-52eb01fd0de2.txt,63d520bc8833c489caf0023a,2.0,2,896.734375,60.0,1,534.0,1
s.f389d075-64e0-4696-8bc6-0fd434b39a9b.txt,5d49d17b3dad1f0001e2aba1,2.0,0,598.206349206349,37.0,0,484.0,1
s.f389d075-64e0-4696-8bc6-0fd434b39a9b.txt,5d49d17b3dad1f0001e2aba1,2.0,1,587.190476190476,37.0,0,484.0,1
s.f389d075-64e0-4696-8bc6-0fd434b39a9b.txt,5d49d17b3dad1f0001e2aba1,2.0,2,605.065573770492,37.0,0,484.0,1
s.f58290a8-a776-42d5-81cc-128a526308a1.txt,5f0f7fe1d7ad1c000b42d091,1.0,0,693.05,29.0,0,28.0,0
s.f58290a8-a776-42d5-81cc-128a526308a1.txt,5f0f7fe1d7ad1c000b42d091,1.0,1,678.566666666667,29.0,0,28.0,0
s.f58290a8-a776-42d5-81cc-128a526308a1.txt,5f0f7fe1d7ad1c000b42d091,1.0,2,693.64406779661,29.0,0,28.0,0
s.b23463ac-c032-4c05-b422-8da3ec54a53a.txt,63e5eb956eab1f2740ac6289,1.0,0,743.047619047619,39.0,0,209.0,0
s.b23463ac-c032-4c05-b422-8da3ec54a53a.txt,63e5eb956eab1f2740ac6289,1.0,1,822.095238095238,39.0,0,209.0,0
s.b23463ac-c032-4c05-b422-8da3ec54a53a.txt,63e5eb956eab1f2740ac6289,1.0,2,806.131147540984,39.0,0,209.0,0
s.81ca259b-7af6-4c8e-a01d-2c9a3fdfa951.txt,637545d6428d85daeedc3df5,1.0,0,692.306451612903,22.0,0,1.0,0
s.81ca259b-7af6-4c8e-a01d-2c9a3fdfa951.txt,637545d6428d85daeedc3df5,1.0,1,658.016129032258,22.0,0,1.0,0
s.81ca259b-7af6-4c8e-a01d-2c9a3fdfa951.txt,637545d6428d85daeedc3df5,1.0,2,638.016129032258,22.0,0,1.0,0
s.44f3196e-c5ad-41cf-b659-87156f232243.txt,6463f56c88a5a54f57c01934,2.0,0,719.046875,51.0,1,420.0,1
s.44f3196e-c5ad-41cf-b659-87156f232243.txt,6463f56c88a5a54f57c01934,2.0,1,801.142857142857,51.0,1,420.0,1
s.44f3196e-c5ad-41cf-b659-87156f232243.txt,6463f56c88a5a54f57c01934,2.0,2,779.285714285714,51.0,1,420.0,1
s.0c09393f-9af4-4440-a488-15ffa36742e5.txt,646bd812bf93129feeb5a3dc,1.0,0,895.813559322034,43.0,1,379.0,1
s.0c09393f-9af4-4440-a488-15ffa36742e5.txt,646bd812bf93129feeb5a3dc,1.0,1,906.593220338983,43.0,1,379.0,1
s.0c09393f-9af4-4440-a488-15ffa36742e5.txt,646bd812bf93129feeb5a3dc,1.0,2,798.741379310345,43.0,1,379.0,1
s.efd7cbcf-8797-4147-8629-22008fbe0f59.txt,5eaecb0824839e59ed3523eb,2.0,0,573.126984126984,22.0,0,10.0,0
s.efd7cbcf-8797-4147-8629-22008fbe0f59.txt,5eaecb0824839e59ed3523eb,2.0,1,585.52380952381,22.0,0,10.0,0
s.efd7cbcf-8797-4147-8629-22008fbe0f59.txt,5eaecb0824839e59ed3523eb,2.0,2,633.21875,22.0,0,10.0,0
s.d0b9dd89-575f-41bb-a851-e4cbbb486d73.txt,5ed8cf4782a6eb04ddf9962d,2.0,0,577.296875,39.0,0,37.0,0
s.d0b9dd89-575f-41bb-a851-e4cbbb486d73.txt,5ed8cf4782a6eb04ddf9962d,2.0,1,605.45,39.0,0,37.0,0
s.d0b9dd89-575f-41bb-a851-e4cbbb486d73.txt,5ed8cf4782a6eb04ddf9962d,2.0,2,571.883333333333,39.0,0,37.0,0
s.bba54273-f6e0-46bd-9f39-bae568a6e8f8.txt,65dca445b7cc34ec8acfc80f,2.0,0,540.873015873016,42.0,1,159.0,0
s.bba54273-f6e0-46bd-9f39-bae568a6e8f8.txt,65dca445b7cc34ec8acfc80f,2.0,1,487.31746031746,42.0,1,159.0,0
s.bba54273-f6e0-46bd-9f39-bae568a6e8f8.txt,65dca445b7cc34ec8acfc80f,2.0,2,527.546875,42.0,1,159.0,0
s.ccb665e6-3893-4561-bdc6-01dbaceca76c.txt,611a45a99c4ee56ad9247e09,2.0,0,718.515625,55.0,1,347.0,1
s.ccb665e6-3893-4561-bdc6-01dbaceca76c.txt,611a45a99c4ee56ad9247e09,2.0,1,771.467741935484,55.0,1,347.0,1
s.ccb665e6-3893-4561-bdc6-01dbaceca76c.txt,611a45a99c4ee56ad9247e09,2.0,2,843.25,55.0,1,347.0,1
s.b3fe5e79-91d7-45b5-92bb-7e494ca0beea.txt,616437a7882ca1d66da11c4f,2.0,0,591.540983606557,36.0,0,403.0,1
s.b3fe5e79-91d7-45b5-92bb-7e494ca0beea.txt,616437a7882ca1d66da11c4f,2.0,1,653.524590163934,36.0,0,403.0,1
s.b3fe5e79-91d7-45b5-92bb-7e494ca0beea.txt,616437a7882ca1d66da11c4f,2.0,2,637.206349206349,36.0,0,403.0,1
s.801501fe-be43-4aaa-ba6c-808f07767f50.txt,602bc0e5a5c8a335a1772444,2.0,0,792.796875,52.0,1,460.0,1
s.801501fe-be43-4aaa-ba6c-808f07767f50.txt,602bc0e5a5c8a335a1772444,2.0,1,744.516129032258,52.0,1,460.0,1
s.801501fe-be43-4aaa-ba6c-808f07767f50.txt,602bc0e5a5c8a335a1772444,2.0,2,818.857142857143,52.0,1,460.0,1
s.bc381c9a-3f56-4e5d-bb23-8b5c04e37f03.txt,5a520774eedc3200014206b4,2.0,0,853.015625,36.0,0,245.0,0
s.bc381c9a-3f56-4e5d-bb23-8b5c04e37f03.txt,5a520774eedc3200014206b4,2.0,1,904.145161290323,36.0,0,245.0,0
s.bc381c9a-3f56-4e5d-bb23-8b5c04e37f03.txt,5a520774eedc3200014206b4,2.0,2,960.079365079365,36.0,0,245.0,0
s.a853f445-fc53-4daa-aa26-857484f5c272.txt,5debd5a7245a462bf05e20f9,2.0,0,814.52380952381,80.0,1,733.0,1
s.a853f445-fc53-4daa-aa26-857484f5c272.txt,5debd5a7245a462bf05e20f9,2.0,1,1000.890625,80.0,1,733.0,1
s.a853f445-fc53-4daa-aa26-857484f5c272.txt,5debd5a7245a462bf05e20f9,2.0,2,961.161290322581,80.0,1,733.0,1
s.d0d48767-80d7-4448-892c-7843ee7572ea.txt,6143af8721d1445864c4f6c8,1.0,0,789.732142857143,29.0,0,0.0,0
s.d0d48767-80d7-4448-892c-7843ee7572ea.txt,6143af8721d1445864c4f6c8,1.0,1,696.072727272727,29.0,0,0.0,0
s.d0d48767-80d7-4448-892c-7843ee7572ea.txt,6143af8721d1445864c4f6c8,1.0,2,773.5,29.0,0,0.0,0
s.b764b00a-5f6c-4ab0-9134-86b61448a466.txt,5c0ed000fd0c0a0001f881ea,2.0,0,672.238095238095,39.0,0,118.0,0
s.b764b00a-5f6c-4ab0-9134-86b61448a466.txt,5c0ed000fd0c0a0001f881ea,2.0,1,673.650793650794,39.0,0,118.0,0
s.b764b00a-5f6c-4ab0-9134-86b61448a466.txt,5c0ed000fd0c0a0001f881ea,2.0,2,760.816666666667,39.0,0,118.0,0
s.9f1d6849-0dd9-4ce7-a94e-b0a3e4ce9274.txt,5edab6df83998915303516d5,1.0,0,738.609375,52.0,1,310.0,1
s.9f1d6849-0dd9-4ce7-a94e-b0a3e4ce9274.txt,5edab6df83998915303516d5,1.0,1,778.366666666667,52.0,1,310.0,1
s.9f1d6849-0dd9-4ce7-a94e-b0a3e4ce9274.txt,5edab6df83998915303516d5,1.0,2,699.0625,52.0,1,310.0,1
s.311c3d57-3f95-4e1d-b221-1d79faa1f68b.txt,65be552ceed6a0595fa1feb5,1.0,0,910.131147540984,77.0,1,515.0,1
s.311c3d57-3f95-4e1d-b221-1d79faa1f68b.txt,65be552ceed6a0595fa1feb5,1.0,1,863.366666666667,77.0,1,515.0,1
s.311c3d57-3f95-4e1d-b221-1d79faa1f68b.txt,65be552ceed6a0595fa1feb5,1.0,2,881.842105263158,77.0,1,515.0,1
s.92679d12-2bed-4195-b1af-4eece37aa99b.txt,65ca3273c5af74f8349914a3,2.0,0,880.873015873016,25.0,0,7.0,0
s.92679d12-2bed-4195-b1af-4eece37aa99b.txt,65ca3273c5af74f8349914a3,2.0,1,934.71186440678,25.0,0,7.0,0
s.92679d12-2bed-4195-b1af-4eece37aa99b.txt,65ca3273c5af74f8349914a3,2.0,2,1007.31578947368,25.0,0,7.0,0
s.f502606b-e748-4269-b19d-dd03c17d81f9.txt,605de3af48d7a575adb95b09,1.0,0,647.409836065574,34.0,0,50.0,0
s.f502606b-e748-4269-b19d-dd03c17d81f9.txt,605de3af48d7a575adb95b09,1.0,1,687.266666666667,34.0,0,50.0,0
s.f502606b-e748-4269-b19d-dd03c17d81f9.txt,605de3af48d7a575adb95b09,1.0,2,725.619047619048,34.0,0,50.0,0
s.f45cdce5-4faf-408c-ae20-c59516adf975.txt,5f565a2b33c152071057bb04,1.0,0,838.875,43.0,1,420.0,1
s.f45cdce5-4faf-408c-ae20-c59516adf975.txt,5f565a2b33c152071057bb04,1.0,1,803.492063492063,43.0,1,420.0,1
s.f45cdce5-4faf-408c-ae20-c59516adf975.txt,5f565a2b33c152071057bb04,1.0,2,774.625,43.0,1,420.0,1
s.3bdce5d8-2062-49e7-bc63-e7f361380409.txt,610846dd7da13e7eb86a6f39,2.0,0,859.515625,52.0,1,482.0,1
s.3bdce5d8-2062-49e7-bc63-e7f361380409.txt,610846dd7da13e7eb86a6f39,2.0,1,925.650793650794,52.0,1,482.0,1
s.3bdce5d8-2062-49e7-bc63-e7f361380409.txt,610846dd7da13e7eb86a6f39,2.0,2,928.365079365079,52.0,1,482.0,1
s.95ba48e8-f721-43d0-9d46-cdaff2561bcf.txt,612403f04e5d1f0dbfeb93f3,1.0,0,633.266666666667,34.0,0,115.0,0
s.95ba48e8-f721-43d0-9d46-cdaff2561bcf.txt,612403f04e5d1f0dbfeb93f3,1.0,1,681.1,34.0,0,115.0,0
s.95ba48e8-f721-43d0-9d46-cdaff2561bcf.txt,612403f04e5d1f0dbfeb93f3,1.0,2,722.333333333333,34.0,0,115.0,0
s.1816e614-a1ec-49dc-8e78-3db424b65f20.txt,63ee65e3470c23cb401ca89a,2.0,0,689.887096774194,27.0,0,362.0,1
s.1816e614-a1ec-49dc-8e78-3db424b65f20.txt,63ee65e3470c23cb401ca89a,2.0,1,750.387096774194,27.0,0,362.0,1
s.1816e614-a1ec-49dc-8e78-3db424b65f20.txt,63ee65e3470c23cb401ca89a,2.0,2,707.655737704918,27.0,0,362.0,1
s.0edf25f2-aafa-4a65-bbea-3ee56d211bbe.txt,656f97b81b51c257c08d6e51,1.0,0,672.59375,33.0,0,435.0,1
s.0edf25f2-aafa-4a65-bbea-3ee56d211bbe.txt,656f97b81b51c257c08d6e51,1.0,1,634.640625,33.0,0,435.0,1
s.0edf25f2-aafa-4a65-bbea-3ee56d211bbe.txt,656f97b81b51c257c08d6e51,1.0,2,623.359375,33.0,0,435.0,1
s.62721e60-00a3-45c9-9994-91d0dfb29ae3.txt,61267b828ead584bcf092e35,2.0,0,721.421875,58.0,1,248.0,0
s.62721e60-00a3-45c9-9994-91d0dfb29ae3.txt,61267b828ead584bcf092e35,2.0,1,740.296875,58.0,1,248.0,0
s.62721e60-00a3-45c9-9994-91d0dfb29ae3.txt,61267b828ead584bcf092e35,2.0,2,780.640625,58.0,1,248.0,0
s.264850df-713e-4538-8182-7715212e8ed7.txt,5c8bafb53b6f3d00013d7c30,1.0,0,766.403225806452,28.0,0,21.0,0
s.264850df-713e-4538-8182-7715212e8ed7.txt,5c8bafb53b6f3d00013d7c30,1.0,1,769.460317460317,28.0,0,21.0,0
s.264850df-713e-4538-8182-7715212e8ed7.txt,5c8bafb53b6f3d00013d7c30,1.0,2,746.193548387097,28.0,0,21.0,0
s.5dbe77c2-5294-4cc5-a201-e596ccf00924.txt,63af557b3d4f219c3226b7d6,2.0,0,731.730158730159,41.0,1,345.0,1
s.5dbe77c2-5294-4cc5-a201-e596ccf00924.txt,63af557b3d4f219c3226b7d6,2.0,1,714.484375,41.0,1,345.0,1
s.5dbe77c2-5294-4cc5-a201-e596ccf00924.txt,63af557b3d4f219c3226b7d6,2.0,2,861.126984126984,41.0,1,345.0,1
s.8ec532e1-47fd-4de4-816f-82439da51d13.txt,6153ca3f0c560379c9ed7539,2.0,0,794.25,47.0,1,202.0,0
s.8ec532e1-47fd-4de4-816f-82439da51d13.txt,6153ca3f0c560379c9ed7539,2.0,1,809.952380952381,47.0,1,202.0,0
s.8ec532e1-47fd-4de4-816f-82439da51d13.txt,6153ca3f0c560379c9ed7539,2.0,2,744.125,47.0,1,202.0,0
s.0f17d9d8-758e-4b6c-b7f3-496123bc1696.txt,5eceef5fa487421604c337ba,1.0,0,686.573770491803,42.0,1,310.0,1
s.0f17d9d8-758e-4b6c-b7f3-496123bc1696.txt,5eceef5fa487421604c337ba,1.0,1,663.483870967742,42.0,1,310.0,1
s.0f17d9d8-758e-4b6c-b7f3-496123bc1696.txt,5eceef5fa487421604c337ba,1.0,2,696.254237288136,42.0,1,310.0,1
s.d8d29200-ed8d-4e35-a756-2d38625ad939.txt,64e76ad4ce316de314ca559b,2.0,0,724.822580645161,22.0,0,28.0,0
s.d8d29200-ed8d-4e35-a756-2d38625ad939.txt,64e76ad4ce316de314ca559b,2.0,1,731.35,22.0,0,28.0,0
s.d8d29200-ed8d-4e35-a756-2d38625ad939.txt,64e76ad4ce316de314ca559b,2.0,2,733.762711864407,22.0,0,28.0,0
s.687bbcf8-8cb3-46d3-9b79-2843a8064bad.txt,65c8d70512b2fc050e53d0d1,1.0,0,757.083333333333,44.0,1,393.0,1
s.687bbcf8-8cb3-46d3-9b79-2843a8064bad.txt,65c8d70512b2fc050e53d0d1,1.0,1,807.78125,44.0,1,393.0,1
s.687bbcf8-8cb3-46d3-9b79-2843a8064bad.txt,65c8d70512b2fc050e53d0d1,1.0,2,708.328125,44.0,1,393.0,1
s.9af98a43-529f-4b5a-9d8d-ad545422b5c2.txt,61644a9055a7fdced6a7aa9c,1.0,0,1242.26530612245,75.0,1,798.0,1
s.9af98a43-529f-4b5a-9d8d-ad545422b5c2.txt,61644a9055a7fdced6a7aa9c,1.0,1,1216.26315789474,75.0,1,798.0,1
s.9af98a43-529f-4b5a-9d8d-ad545422b5c2.txt,61644a9055a7fdced6a7aa9c,1.0,2,1323.825,75.0,1,798.0,1
s.7d650f8a-397f-4252-9cf7-d2924331be3f.txt,6505e1d7baa4d89f7a2f3b53,1.0,0,801.245901639344,27.0,0,24.0,0
s.7d650f8a-397f-4252-9cf7-d2924331be3f.txt,6505e1d7baa4d89f7a2f3b53,1.0,1,760.436363636364,27.0,0,24.0,0
s.7d650f8a-397f-4252-9cf7-d2924331be3f.txt,6505e1d7baa4d89f7a2f3b53,1.0,2,751.416666666667,27.0,0,24.0,0
s.ae02ba16-5c91-4862-b473-c62f9e1c0f97.txt,6511e688100fd33b378fa688,1.0,0,690.0,28.0,0,105.0,0
s.ae02ba16-5c91-4862-b473-c62f9e1c0f97.txt,6511e688100fd33b378fa688,1.0,1,709.266666666667,28.0,0,105.0,0
s.ae02ba16-5c91-4862-b473-c62f9e1c0f97.txt,6511e688100fd33b378fa688,1.0,2,591.693548387097,28.0,0,105.0,0
s.11b09bee-82bb-4489-88b0-74f110b7bd57.txt,6522a42f39b5bd8f96735aa9,2.0,0,776.0625,24.0,0,15.0,0
s.11b09bee-82bb-4489-88b0-74f110b7bd57.txt,6522a42f39b5bd8f96735aa9,2.0,1,744.327868852459,24.0,0,15.0,0
s.11b09bee-82bb-4489-88b0-74f110b7bd57.txt,6522a42f39b5bd8f96735aa9,2.0,2,730.903225806452,24.0,0,15.0,0
